ADD,,AMM,,
ADD,,BEY,,
ADD,,BLR,,
ADD,,BOM,,
ADD,,CAI,,
ADD,,CCJ,,
ADD,,CGP,,
ADD,,COK,,
ADD,,DEL,,
ADD,,HYD,,
ADD,,ISB,,
ADD,,JAI,,
ADD,,KHI,,
ADD,,KHS,,
ADD,,KTM,,
ADD,,KWI,,
ADD,,LHE,,
ADD,,LKO,,
ADD,,MAA,,
ADD,,MCT,,
ADD,,OHS,,
ADD,,SLL,,
ADD,,TRV,,
AMM,,ADD,,
AMM,,AMS ,,
AMM,,AUH,,
AMM,,BAH,,
AMM,,BEY,,
AMM,,BKI,,
AMM,,BKK,,
AMM,,BLR,,
AMM,,BOM,,
AMM,,CAI,,
AMM,,CCJ,,
AMM,,CDG,,
AMM,,CGK,,
AMM,,CGP,,
AMM,,CMB,,
AMM,,COK,,
AMM,,DAC,,
AMM,,DAR,,
AMM,,DEL,,
AMM,,DMM,,
AMM,,DOH,,
AMM,,DXB,,
AMM,,FRA,,
AMM,,GOI,,
AMM,,HKG,,
AMM,,HYD,,
AMM,,IKA,,
AMM,,ISB,,
AMM,,IST,,
AMM,,JAI,,
AMM,,JED,,
AMM,,KCH,,
AMM,,KHI,,
AMM,,KHS,,
AMM,,KTM,,
AMM,,KUL,,
AMM,,KWI,,
AMM,,LGK,,
AMM,,LHE,,
AMM,,LHR,,
AMM,,LKO,,
AMM,,MAA,,
AMM,,MCT,,
AMM,,MLE,,
AMM,,MNL,,
AMM,,MUC,,
AMM,,MXP,,
AMM,,OHS,,
AMM,,PEN,,
AMM,,QYG,,9B
AMM,,RUH,,
AMM,,SIN,,
AMM,,SLL,,
AMM,,TRV,,
AMM,,ZNZ,,
AMM,,ZRH,,
AMS,,AUH,,
AMS,,BAH,,
AMS,,BKK,,
AMS,,BLR,,
AMS,,BOM,,
AMS,,CCJ,,
AMS,,CGK,,
AMS,,CGP,,
AMS,,CMB,,
AMS,,COK,,
AMS,,DAC,,
AMS,,DEL,,
AMS,,DMM,,
AMS,,DOH,,
AMS,,DXB,,
AMS,,GOI,,
AMS,,HYD,,
AMS,,ISB,,
AMS,,JAI,,
AMS,,JED,,
AMS,,KHI,,
AMS,,KHS,,
AMS,,KTM,,
AMS,,KUL,,
AMS,,LHE,,
AMS,,LKO,,
AMS,,MAA,,
AMS,,MCT,,
AMS,,MED,,
AMS,,MLE,,
AMS,,MNL,,
AMS,,OHS,,
AMS,,RUH,,
AMS,,SIN,,
AMS,,SLL,,
AMS,,TRV,,
AUH,,ADD,,
AUH,,AMM,,
AUH,,AMS ,,
AUH,,BAH,,
AUH,,BEY,,
AUH,,BKI,,
AUH,,BKK,,
AUH,,BLR,,
AUH,,BOM,,
AUH,,CAI,,
AUH,,CCJ,,
AUH,,CDG,,
AUH,,CGK,,
AUH,,CGP,,
AUH,,CMB,,
AUH,,COK,,
AUH,,DAC,,
AUH,,DAR,,
AUH,,DEL,,
AUH,,DMM,,
AUH,,DOH,,
AUH,,FRA,,
AUH,,GOI,,
AUH,,HKG,,
AUH,,HYD,,
AUH,,IKA,,
AUH,,ISB,,
AUH,,IST,,
AUH,,JAI,,
AUH,,JED,,
AUH,,KCH,,
AUH,,KHI,,
AUH,,KHS,,
AUH,,KTM,,
AUH,,KUL,,
AUH,,KWI,,
AUH,,LGK,,
AUH,,LHE,,
AUH,,LHR,,
AUH,,LKO,,
AUH,,MAA,,
AUH,,MCT,,
AUH,,MED,,
AUH,,MLE,,
AUH,,MNL,,
AUH,,MUC,,
AUH,,MXP,,
AUH,,OHS,,
AUH,,PEN,,
AUH,,QYG,,9B
AUH,,RUH,,
AUH,,SIN,,
AUH,,SLL,,
AUH,,TRV,,
AUH,,ZNZ,,
AUH,,ZRH,,
BAH,,ADD,,
BAH,,AMM,,
BAH,,AMS ,,
BAH,,AUH,,
BAH,,BEY,,
BAH,,BKI,,
BAH,,BKK,,
BAH,,BLR,,
BAH,,BOM,,
BAH,,CAI,,
BAH,,CCJ,,
BAH,,CDG,,
BAH,,CGK,,
BAH,,CGP,,
BAH,,CMB,,
BAH,,COK,,
BAH,,DAC,,
BAH,,DAR,,
BAH,,DEL,,
BAH,,DXB,,
BAH,,FRA,,
BAH,,GOI,,
BAH,,HKG,,
BAH,,HYD,,
BAH,,IKA,,
BAH,,ISB,,
BAH,,IST,,
BAH,,JAI,,
BAH,,JED,,
BAH,,KCH,,
BAH,,KHI,,
BAH,,KHS,,
BAH,,KTM,,
BAH,,KUL,,
BAH,,KWI,,
BAH,,LGK,,
BAH,,LHE,,
BAH,,LHR,,
BAH,,LKO,,
BAH,,MAA,,
BAH,,MCT,,
BAH,,MED,,
BAH,,MLE,,
BAH,,MNL,,
BAH,,MUC,,
BAH,,MXP,,
BAH,,OHS,,
BAH,,PEN,,
BAH,,QYG,,9B
BAH,,RGN,,
BAH,,RUH,,
BAH,,SIN,,
BAH,,SLL,,
BAH,,TRV,,
BAH,,ZNZ,,
BAH,,ZRH,,
BEY,,ADD,,
BEY,,AMM,,
BEY,,AMS ,,
BEY,,AUH,,
BEY,,BAH,,
BEY,,BKI,,
BEY,,BKK,,
BEY,,BLR,,
BEY,,BOM,,
BEY,,CAI,,
BEY,,CCJ,,
BEY,,CDG,,
BEY,,CGK,,
BEY,,CGP,,
BEY,,CMB,,
BEY,,COK,,
BEY,,DAC,,
BEY,,DAR,,
BEY,,DEL,,
BEY,,DMM,,
BEY,,DOH,,
BEY,,DXB,,
BEY,,FRA,,
BEY,,GOI,,
BEY,,HKG,,
BEY,,HYD,,
BEY,,IKA,,
BEY,,ISB,,
BEY,,IST,,
BEY,,JAI,,
BEY,,JED,,
BEY,,KCH,,
BEY,,KHI,,
BEY,,KHS,,
BEY,,KTM,,
BEY,,KUL,,
BEY,,KWI,,
BEY,,LGK,,
BEY,,LHE,,
BEY,,LHR,,
BEY,,LKO,,
BEY,,MAA,,
BEY,,MCT,,
BEY,,MLE,,
BEY,,MNL,,
BEY,,MUC,,
BEY,,MXP,,
BEY,,OHS,,
BEY,,PEN,,
BEY,,QYG,,9B
BEY,,RUH,,
BEY,,SIN,,
BEY,,SLL,,
BEY,,TRV,,
BEY,,ZNZ,,
BEY,,ZRH,,
BKI,,ADD,,
BKI,,AMM,,
BKI,,AMS ,,
BKI,,AUH,,
BKI,,BAH,,
BKI,,BEY,,
BKI,,BKK,,
BKI,,BLR,,
BKI,,BOM,,
BKI,,CAI,,
BKI,,CCJ,,
BKI,,CDG,,
BKI,,CGK,,
BKI,,CGP,,
BKI,,CMB,,
BKI,,COK,,
BKI,,DAC,,
BKI,,DAR,,
BKI,,DEL,,
BKI,,DMM,,
BKI,,DOH,,
BKI,,DXB,,
BKI,,FRA,,
BKI,,GOI,,
BKI,,HYD,,
BKI,,IKA,,
BKI,,ISB,,
BKI,,JAI,,
BKI,,JED,,
BKI,,KHI,,
BKI,,KHS,,
BKI,,KTM,,
BKI,,KWI,,
BKI,,LHE,,
BKI,,LHR,,
BKI,,LKO,,
BKI,,MAA,,
BKI,,MCT,,
BKI,,MED,,
BKI,,MLE,,
BKI,,MNL,,
BKI,,MUC,,
BKI,,MXP,,
BKI,,OHS,,
BKI,,QYG,,9B
BKI,,RUH,,
BKI,,SLL,,
BKI,,TRV,,
BKI,,ZNZ,,
BKI,,ZRH,,
BKI,,IST,,
BKK,,ADD,,
BKK,,AMM,,
BKK,,AMS ,,
BKK,,AUH,,
BKK,,BAH,,
BKK,,BEY,,
BKK,,BKI,,
BKK,,BLR,,
BKK,,BOM,,
BKK,,CAI,,
BKK,,CCJ,,
BKK,,CDG,,
BKK,,CGK,,
BKK,,CGP,,
BKK,,CMB,,
BKK,,COK,,
BKK,,DAC,,
BKK,,DAR,,
BKK,,DEL,,
BKK,,DMM,,
BKK,,DOH,,
BKK,,DXB,,
BKK,,FRA,,
BKK,,GOI,,
BKK,,HKG,,
BKK,,HYD,,
BKK,,IKA,,
BKK,,ISB,,
BKK,,IST,,
BKK,,JAI,,
BKK,,JED,,
BKK,,KCH,,
BKK,,KHI,,
BKK,,KHS,,
BKK,,KTM,,
BKK,,KWI,,
BKK,,LGK,,
BKK,,LHE,,
BKK,,LHR,,
BKK,,LKO,,
BKK,,MAA,,
BKK,,MCT,,
BKK,,MED,,
BKK,,MLE,,
BKK,,MNL,,
BKK,,MUC,,
BKK,,MXP,,
BKK,,OHS,,
BKK,,PEN,,
BKK,,QYG,,9B
BKK,,RUH,,
BKK,,SIN,,
BKK,,SLL,,
BKK,,TRV,,
BKK,,ZNZ,,
BKK,,ZRH,,
BLR,,ADD,,
BLR,,AMM,,
BLR,,AMS ,,
BLR,,AUH,,
BLR,,BAH,,
BLR,,BEY,,
BLR,,BKI,,
BLR,,BKK,,
BLR,,CAI,,
BLR,,CDG,,
BLR,,CGK,,
BLR,,CGP,,
BLR,,CMB,,
BLR,,DAC,,
BLR,,DAR,,
BLR,,DMM,,
BLR,,DOH,,
BLR,,DXB,,
BLR,,FRA,,
BLR,,HKG,,
BLR,,IKA,,
BLR,,ISB,,
BLR,,IST,,
BLR,,JED,,
BLR,,KCH,,
BLR,,KHI,,
BLR,,KHS,,
BLR,,KTM,,
BLR,,KUL,,
BLR,,KWI,,
BLR,,LGK,,
BLR,,LHE,,
BLR,,LHR,,
BLR,,MCT,,
BLR,,MED,,
BLR,,MLE,,
BLR,,MNL,,
BLR,,MUC,,
BLR,,MXP,,
BLR,,OHS,,
BLR,,PEN,,
BLR,,QYG,,9B
BLR,,RUH,,
BLR,,SIN,,
BLR,,SLL,,
BLR,,ZNZ,,
BLR,,ZRH,,
BOM,,ADD,,
BOM,,AMM,,
BOM,,AMS ,,
BOM,,AUH,,
BOM,,BAH,,
BOM,,BEY,,
BOM,,BKI,,
BOM,,BKK,,
BOM,,CAI,,
BOM,,CDG,,
BOM,,CGK,,
BOM,,CGP,,
BOM,,CMB,,
BOM,,DAC,,
BOM,,DAR,,
BOM,,DMM,,
BOM,,DOH,,
BOM,,DXB,,
BOM,,FRA,,
BOM,,HKG,,
BOM,,IKA,,
BOM,,ISB,,
BOM,,IST,,
BOM,,JED,,
BOM,,KCH,,
BOM,,KHI,,
BOM,,KHS,,
BOM,,KTM,,
BOM,,KUL,,
BOM,,KWI,,
BOM,,LGK,,
BOM,,LHE,,
BOM,,LHR,,
BOM,,MCT,,
BOM,,MED,,
BOM,,MLE,,
BOM,,MNL,,
BOM,,MUC,,
BOM,,MXP,,
BOM,,OHS,,
BOM,,PEN,,
BOM,,QYG,,9B
BOM,,RUH,,
BOM,,SIN,,
BOM,,SLL,,
BOM,,ZNZ,,
BOM,,ZRH,,
CAI,,ADD,,
CAI,,AMM,,
CAI,,AMS ,,
CAI,,AUH,,
CAI,,BAH,,
CAI,,BEY,,
CAI,,BKI,,
CAI,,BKK,,
CAI,,BLR,,
CAI,,BOM,,
CAI,,CCJ,,
CAI,,CDG,,
CAI,,CGK,,
CAI,,CGP,,
CAI,,CMB,,
CAI,,COK,,
CAI,,DAC,,
CAI,,DAR,,
CAI,,DEL,,
CAI,,DMM,,
CAI,,DOH,,
CAI,,DXB,,
CAI,,FRA,,
CAI,,GOI,,
CAI,,HKG,,
CAI,,HYD,,
CAI,,IKA,,
CAI,,ISB,,
CAI,,IST,,
CAI,,JAI,,
CAI,,JED,,
CAI,,KCH,,
CAI,,KHI,,
CAI,,KHS,,
CAI,,KTM,,
CAI,,KUL,,
CAI,,KWI,,
CAI,,LGK,,
CAI,,LHE,,
CAI,,LHR,,
CAI,,LKO,,
CAI,,MAA,,
CAI,,MCT,,
CAI,,MLE,,
CAI,,MNL,,
CAI,,MUC,,
CAI,,MXP,,
CAI,,OHS,,
CAI,,PEN,,
CAI,,QYG,,9B
CAI,,RUH,,
CAI,,SIN,,
CAI,,SLL,,
CAI,,TRV,,
CAI,,ZNZ,,
CAI,,ZRH,,
CCJ,,ADD,,
CCJ,,AMM,,
CCJ,,AMS ,,
CCJ,,AUH,,
CCJ,,BAH,,
CCJ,,BEY,,
CCJ,,BKI,,
CCJ,,BKK,,
CCJ,,CAI,,
CCJ,,CDG,,
CCJ,,CGK,,
CCJ,,CGP,,
CCJ,,CMB,,
CCJ,,DAC,,
CCJ,,DAR,,
CCJ,,DMM,,
CCJ,,DOH,,
CCJ,,DXB,,
CCJ,,FRA,,
CCJ,,HKG,,
CCJ,,IKA,,
CCJ,,ISB,,
CCJ,,IST,,
CCJ,,JED,,
CCJ,,KCH,,
CCJ,,KHI,,
CCJ,,KHS,,
CCJ,,KTM,,
CCJ,,KUL,,
CCJ,,KWI,,
CCJ,,LGK,,
CCJ,,LHE,,
CCJ,,LHR,,
CCJ,,MCT,,
CCJ,,MED,,
CCJ,,MLE,,
CCJ,,MNL,,
CCJ,,MUC,,
CCJ,,MXP,,
CCJ,,OHS,,
CCJ,,PEN,,
CCJ,,QYG,,9B
CCJ,,RUH,,
CCJ,,SIN,,
CCJ,,SLL,,
CCJ,,ZNZ,,
CCJ,,ZRH,,
CDG,,ADD,,
CDG,,AMM,,
CDG,,AUH,,
CDG,,BAH,,
CDG,,BEY,,
CDG,,BKI,,
CDG,,BKK,,
CDG,,BLR,,
CDG,,BOM,,
CDG,,CAI,,
CDG,,CCJ,,
CDG,,CGK,,
CDG,,CGP,,
CDG,,CMB,,
CDG,,COK,,
CDG,,DAC,,
CDG,,DAR,,
CDG,,DEL,,
CDG,,DMM,,
CDG,,DOH,,
CDG,,DXB,,
CDG,,GOI,,
CDG,,HKG,,
CDG,,HYD,,
CDG,,IKA,,
CDG,,ISB,,
CDG,,IST,,
CDG,,JAI,,
CDG,,JED,,
CDG,,KCH,,
CDG,,KHI,,
CDG,,KHS,,
CDG,,KTM,,
CDG,,KUL,,
CDG,,KWI,,
CDG,,LGK,,
CDG,,LHE,,
CDG,,LKO,,
CDG,,MAA,,
CDG,,MCT,,
CDG,,MED,,
CDG,,MLE,,
CDG,,MNL,,
CDG,,OHS,,
CDG,,PEN,,
CDG,,RUH,,
CDG,,SIN,,
CDG,,SLL,,
CDG,,TRV,,
CDG,,ZNZ,,
CGK,,ADD,,
CGK,,AMM,,
CGK,,AMS ,,
CGK,,AUH,,
CGK,,BAH,,
CGK,,BEY,,
CGK,,BKI,,
CGK,,BKK,,
CGK,,BLR,,
CGK,,BOM,,
CGK,,CAI,,
CGK,,CCJ,,
CGK,,CDG,,
CGK,,CGP,,
CGK,,CMB,,
CGK,,COK,,
CGK,,DAC,,
CGK,,DAR,,
CGK,,DEL,,
CGK,,DMM,,
CGK,,DOH,,
CGK,,DXB,,
CGK,,FRA,,
CGK,,GOI,,
CGK,,HKG,,
CGK,,HYD,,
CGK,,IKA,,
CGK,,ISB,,
CGK,,IST,,
CGK,,JAI,,
CGK,,JED,,
CGK,,KCH,,
CGK,,KHI,,
CGK,,KHS,,
CGK,,KTM,,
CGK,,KUL,,
CGK,,KWI,,
CGK,,LGK,,
CGK,,LHE,,
CGK,,LHR,,
CGK,,LKO,,
CGK,,MAA,,
CGK,,MCT,,
CGK,,MED,,
CGK,,MLE,,
CGK,,MNL,,
CGK,,MUC,,
CGK,,MXP,,
CGK,,OHS,,
CGK,,PEN,,
CGK,,QYG,,9B
CGK,,RUH,,
CGK,,SIN,,
CGK,,SLL,,
CGK,,TRV,,
CGK,,ZNZ,,
CGK,,ZRH,,
CGP,,ADD,,
CGP,,AMM,,
CGP,,AMS ,,
CGP,,AUH,,
CGP,,BAH,,
CGP,,BEY,,
CGP,,BKI,,
CGP,,BKK,,
CGP,,BLR,,
CGP,,BOM,,
CGP,,CAI,,
CGP,,CCJ,,
CGP,,CDG,,
CGP,,CGK,,
CGP,,CMB,,
CGP,,COK,,
CGP,,DAR,,
CGP,,DEL,,
CGP,,DMM,,
CGP,,DOH,,
CGP,,DXB,,
CGP,,FRA,,
CGP,,GOI,,
CGP,,HKG,,
CGP,,HYD,,
CGP,,IKA,,
CGP,,ISB,,
CGP,,IST,,
CGP,,JAI,,
CGP,,JED,,
CGP,,KCH,,
CGP,,KHI,,
CGP,,KHS,,
CGP,,KTM,,
CGP,,KUL,,
CGP,,KWI,,
CGP,,LGK,,
CGP,,LHE,,
CGP,,LHR,,
CGP,,LKO,,
CGP,,MAA,,
CGP,,MCT,,
CGP,,MED,,
CGP,,MLE,,
CGP,,MNL,,
CGP,,MUC,,
CGP,,MXP,,
CGP,,OHS,,
CGP,,PEN,,
CGP,,QYG,,9B
CGP,,RUH,,
CGP,,SIN,,
CGP,,SLL,,
CGP,,TRV,,
CGP,,ZNZ,,
CGP,,ZRH,,
CMB,,ADD,,
CMB,,AMM,,
CMB,,AMS ,,
CMB,,AUH,,
CMB,,BAH,,
CMB,,BEY,,
CMB,,BKI,,
CMB,,BKK,,
CMB,,BLR,,
CMB,,BOM,,
CMB,,CAI,,
CMB,,CCJ,,
CMB,,CDG,,
CMB,,CGK,,
CMB,,CGP,,
CMB,,COK,,
CMB,,DAC,,
CMB,,DAR,,
CMB,,DEL,,
CMB,,DMM,,
CMB,,DOH,,
CMB,,DXB,,
CMB,,FRA,,
CMB,,GOI,,
CMB,,HKG,,
CMB,,HYD,,
CMB,,IKA,,
CMB,,ISB,,
CMB,,IST,,
CMB,,JAI,,
CMB,,JED,,
CMB,,KCH,,
CMB,,KHI,,
CMB,,KHS,,
CMB,,KTM,,
CMB,,KUL,,
CMB,,KWI,,
CMB,,LGK,,
CMB,,LHE,,
CMB,,LHR,,
CMB,,LKO,,
CMB,,MAA,,
CMB,,MCT,,
CMB,,MED,,
CMB,,MNL,,
CMB,,MUC,,
CMB,,MXP,,
CMB,,OHS,,
CMB,,PEN,,
CMB,,QYG,,
CMB,,RUH,,
CMB,,SLL,,
CMB,,TRV,,
CMB,,ZNZ,,
CMB,,ZRH,,
COK,,ADD,,
COK,,AMM,,
COK,,AMS ,,
COK,,AUH,,
COK,,BAH,,
COK,,BEY,,
COK,,BKI,,
COK,,BKK,,
COK,,CAI,,
COK,,CDG,,
COK,,CGK,,
COK,,CGP,,
COK,,CMB,,
COK,,DAC,,
COK,,DAR,,
COK,,DMM,,
COK,,DOH,,
COK,,DXB,,
COK,,FRA,,
COK,,HKG,,
COK,,IKA,,
COK,,ISB,,
COK,,IST,,
COK,,JED,,
COK,,KCH,,
COK,,KHI,,
COK,,KHS,,
COK,,KTM,,
COK,,KUL,,
COK,,KWI,,
COK,,LGK,,
COK,,LHE,,
COK,,LHR,,
COK,,MCT,,
COK,,MED,,
COK,,MLE,,
COK,,MNL,,
COK,,MUC,,
COK,,MXP,,
COK,,OHS,,
COK,,PEN,,
COK,,QYG,,9B
COK,,RUH,,
COK,,SIN,,
COK,,SLL,,
COK,,ZNZ,,
COK,,ZRH,,
DAC,,ADD,,
DAC,,AMM,,
DAC,,AMS ,,
DAC,,AUH,,
DAC,,BAH,,
DAC,,BEY,,
DAC,,BKI,,
DAC,,BKK,,
DAC,,BLR,,
DAC,,BOM,,
DAC,,CAI,,
DAC,,CCJ,,
DAC,,CDG,,
DAC,,CGK,,
DAC,,CMB,,
DAC,,COK,,
DAC,,DAR,,
DAC,,DEL,,
DAC,,DMM,,
DAC,,DOH,,
DAC,,DXB,,
DAC,,FRA,,
DAC,,GOI,,
DAC,,HKG,,
DAC,,HYD,,
DAC,,IKA,,
DAC,,ISB,,
DAC,,IST,,
DAC,,JAI,,
DAC,,JED,,
DAC,,KCH,,
DAC,,KHI,,
DAC,,KHS,,
DAC,,KTM,,
DAC,,KUL,,
DAC,,KWI,,
DAC,,LGK,,
DAC,,LHE,,
DAC,,LHR,,
DAC,,LKO,,
DAC,,MAA,,
DAC,,MCT,,
DAC,,MED,,
DAC,,MLE,,
DAC,,MNL,,
DAC,,MUC,,
DAC,,MXP,,
DAC,,OHS,,
DAC,,PEN,,
DAC,,QYG,,9B
DAC,,RUH,,
DAC,,SIN,,
DAC,,SLL,,
DAC,,TRV,,
DAC,,ZNZ,,
DAC,,ZRH,,
DAR,,ADD,,
DAR,,AMM,,
DAR,,AMS ,,
DAR,,AUH,,
DAR,,BAH,,
DAR,,BEY,,
DAR,,BKI,,
DAR,,BKK,,
DAR,,BLR,,
DAR,,BOM,,
DAR,,CAI,,
DAR,,CCJ,,
DAR,,CDG,,
DAR,,CGK,,
DAR,,CGP,,
DAR,,CMB,,
DAR,,COK,,
DAR,,DAC,,
DAR,,DEL,,
DAR,,DMM,,
DAR,,DOH,,
DAR,,DXB,,
DAR,,FRA,,
DAR,,GOI,,
DAR,,HKG,,
DAR,,HYD,,
DAR,,IKA,,
DAR,,ISB,,
DAR,,IST,,
DAR,,JAI,,
DAR,,JED,,
DAR,,KCH,,
DAR,,KHI,,
DAR,,KHS,,
DAR,,KTM,,
DAR,,KUL,,
DAR,,KWI,,
DAR,,LGK,,
DAR,,LHE,,
DAR,,LHR,,
DAR,,LKO,,
DAR,,MAA,,
DAR,,MCT,,
DAR,,MED,,
DAR,,MLE,,
DAR,,MNL,,
DAR,,MUC,,
DAR,,MXP,,
DAR,,OHS,,
DAR,,PEN,,
DAR,,QYG,,9B
DAR,,RUH,,
DAR,,SIN,,
DAR,,SLL,,
DAR,,TRV,,
DAR,,ZRH,,
DEL,,ADD,,
DEL,,AMM,,
DEL,,AMS ,,
DEL,,AUH,,
DEL,,BAH,,
DEL,,BEY,,
DEL,,BKI,,
DEL,,BKK,,
DEL,,CAI,,
DEL,,CDG,,
DEL,,CGK,,
DEL,,CGP,,
DEL,,CMB,,
DEL,,DAC,,
DEL,,DAR,,
DEL,,DMM,,
DEL,,DOH,,
DEL,,DXB,,
DEL,,FRA,,
DEL,,HKG,,
DEL,,IKA,,
DEL,,ISB,,
DEL,,IST,,
DEL,,JED,,
DEL,,KCH,,
DEL,,KHI,,
DEL,,KHS,,
DEL,,KTM,,
DEL,,KUL,,
DEL,,KWI,,
DEL,,LGK,,
DEL,,LHE,,
DEL,,LHR,,
DEL,,MCT,,
DEL,,MED,,
DEL,,MLE,,
DEL,,MNL,,
DEL,,MUC,,
DEL,,MXP,,
DEL,,OHS,,
DEL,,PEN,,
DEL,,QYG,,9B
DEL,,RUH,,
DEL,,SIN,,
DEL,,SLL,,
DEL,,ZNZ,,
DEL,,ZRH,,
DMM,,ADD,,
DMM,,AMM,,
DMM,,AMS ,,
DMM,,AUH,,
DMM,,BEY,,
DMM,,BKI,,
DMM,,BKK,,
DMM,,BLR,,
DMM,,BOM,,
DMM,,CAI,,
DMM,,CCJ,,
DMM,,CDG,,
DMM,,CGK,,
DMM,,CGP,,
DMM,,CMB,,
DMM,,COK,,
DMM,,DAC,,
DMM,,DAR,,
DMM,,DEL,,
DMM,,DOH,,
DMM,,DXB,,
DMM,,FRA,,
DMM,,GOI,,
DMM,,HKG,,
DMM,,HYD,,
DMM,,IKA,,
DMM,,ISB,,
DMM,,IST,,
DMM,,JAI,,
DMM,,KCH,,
DMM,,KHI,,
DMM,,KHS,,
DMM,,KTM,,
DMM,,KUL,,
DMM,,KWI,,
DMM,,LGK,,
DMM,,LHE,,
DMM,,LHR,,
DMM,,LKO,,
DMM,,MAA,,
DMM,,MCT,,
DMM,,MLE,,
DMM,,MNL,,
DMM,,MUC,,
DMM,,MXP,,
DMM,,OHS,,
DMM,,PEN,,
DMM,,QYG,,9B
DMM,,SIN,,
DMM,,SLL,,
DMM,,TRV,,
DMM,,ZNZ,,
DMM,,ZRH,,
DOH,,ADD,,
DOH,,AMM,,
DOH,,AMS ,,
DOH,,AUH,,
DOH,,BEY,,
DOH,,BKI,,
DOH,,BKK,,
DOH,,BLR,,
DOH,,BOM,,
DOH,,CAI,,
DOH,,CCJ,,
DOH,,CDG,,
DOH,,CGK,,
DOH,,CGP,,
DOH,,CMB,,
DOH,,COK,,
DOH,,DAC,,
DOH,,DAR,,
DOH,,DEL,,
DOH,,DMM,,
DOH,,DXB,,
DOH,,FRA,,
DOH,,GOI,,
DOH,,HKG,,
DOH,,HYD,,
DOH,,IKA,,
DOH,,ISB,,
DOH,,IST,,
DOH,,JAI,,
DOH,,JED,,
DOH,,KCH,,
DOH,,KHI,,
DOH,,KHS,,
DOH,,KTM,,
DOH,,KUL,,
DOH,,KWI,,
DOH,,LGK,,
DOH,,LHE,,
DOH,,LHR,,
DOH,,LKO,,
DOH,,MAA,,
DOH,,MCT,,
DOH,,MED,,
DOH,,MLE,,
DOH,,MNL,,
DOH,,MUC,,
DOH,,MXP,,
DOH,,OHS,,
DOH,,PEN,,
DOH,,QYG,,9B
DOH,,RUH,,
DOH,,SIN,,
DOH,,SLL,,
DOH,,TRV,,
DOH,,ZNZ,,
DOH,,ZRH,,
DXB,,ADD,,
DXB,,AMM,,
DXB,,AMS ,,
DXB,,BAH,,
DXB,,BEY,,
DXB,,BKI,,
DXB,,BKK,,
DXB,,BLR,,
DXB,,BOM,,
DXB,,CAI,,
DXB,,CCJ,,
DXB,,CDG,,
DXB,,CGK,,
DXB,,CGP,,
DXB,,CMB,,
DXB,,COK,,
DXB,,DAC,,
DXB,,DAR,,
DXB,,DEL,,
DXB,,DMM,,
DXB,,DOH,,
DXB,,FRA,,
DXB,,GOI,,
DXB,,HKG,,
DXB,,HYD,,
DXB,,IKA,,
DXB,,ISB,,
DXB,,IST,,
DXB,,JAI,,
DXB,,JED,,
DXB,,KCH,,
DXB,,KHI,,
DXB,,KHS,,
DXB,,KTM,,
DXB,,KUL,,
DXB,,KWI,,
DXB,,LGK,,
DXB,,LHE,,
DXB,,LHR,,
DXB,,LKO,,
DXB,,MAA,,
DXB,,MCT,,
DXB,,MED,,
DXB,,MLE,,
DXB,,MNL,,
DXB,,MUC,,
DXB,,MXP,,
DXB,,OHS,,
DXB,,PEN,,
DXB,,QYG,,9B
DXB,,RUH,,
DXB,,SIN,,
DXB,,SLL,,
DXB,,TRV,,
DXB,,ZNZ,,
DXB,,ZRH,,
FRA,,ADD,,
FRA,,AMM,,
FRA,,AUH,,
FRA,,BAH,,
FRA,,BEY,,
FRA,,BKI,,
FRA,,BKK,,
FRA,,BLR,,
FRA,,BOM,,
FRA,,CAI,,
FRA,,CCJ,,
FRA,,CGK,,
FRA,,CGP,,
FRA,,CMB,,
FRA,,COK,,
FRA,,DAC,,
FRA,,DAR,,
FRA,,DEL,,
FRA,,DMM,,
FRA,,DOH,,
FRA,,DXB,,
FRA,,GOI,,
FRA,,HKG,,
FRA,,HYD,,
FRA,,IKA,,
FRA,,ISB,,
FRA,,IST,,
FRA,,JAI,,
FRA,,JED,,
FRA,,KCH,,
FRA,,KHI,,
FRA,,KHS,,
FRA,,KTM,,
FRA,,KUL,,
FRA,,KWI,,
FRA,,LGK,,
FRA,,LHE,,
FRA,,LKO,,
FRA,,MAA,,
FRA,,MCT,,
FRA,,MED,,
FRA,,MLE,,
FRA,,MNL,,
FRA,,OHS,,
FRA,,PEN,,
FRA,,RUH,,
FRA,,SIN,,
FRA,,SLL,,
FRA,,TRV,,
FRA,,ZNZ,,
GOI,,ADD,,
GOI,,AMM,,
GOI,,AMS ,,
GOI,,AUH,,
GOI,,BAH,,
GOI,,BEY,,
GOI,,BKI,,
GOI,,BKK,,
GOI,,CAI,,
GOI,,CDG,,
GOI,,CGK,,
GOI,,CGP,,
GOI,,CMB,,
GOI,,DAC,,
GOI,,DAR,,
GOI,,DMM,,
GOI,,DOH,,
GOI,,DXB,,
GOI,,FRA,,
GOI,,HKG,,
GOI,,IKA,,
GOI,,ISB,,
GOI,,IST,,
GOI,,JED,,
GOI,,KCH,,
GOI,,KHI,,
GOI,,KHS,,
GOI,,KTM,,
GOI,,KUL,,
GOI,,KWI,,
GOI,,LGK,,
GOI,,LHE,,
GOI,,LHR,,
GOI,,MCT,,
GOI,,MED,,
GOI,,MLE,,
GOI,,MNL,,
GOI,,MUC,,
GOI,,MXP,,
GOI,,OHS,,
GOI,,PEN,,
GOI,,QYG,,9B
GOI,,RUH,,
GOI,,SIN,,
GOI,,SLL,,
GOI,,ZNZ,,
GOI,,ZRH,,
HKG,,ADD,,
HKG,,AMM,,
HKG,,AMS ,,
HKG,,AUH,,
HKG,,BAH,,
HKG,,BEY,,
HKG,,BKK,,
HKG,,BLR,,
HKG,,BOM,,
HKG,,CAI,,
HKG,,CCJ,,
HKG,,CDG,,
HKG,,CGK,,
HKG,,CGP,,
HKG,,CMB,,
HKG,,COK,,
HKG,,DAC,,
HKG,,DAR,,
HKG,,DEL,,
HKG,,DMM,,
HKG,,DOH,,
HKG,,DXB,,
HKG,,FRA,,
HKG,,GOI,,
HKG,,HYD,,
HKG,,IKA,,
HKG,,ISB,,
HKG,,IST,,
HKG,,JAI,,
HKG,,JED,,
HKG,,KHI,,
HKG,,KHS,,
HKG,,KTM,,
HKG,,KWI,,
HKG,,LHE,,
HKG,,LHR,,
HKG,,LKO,,
HKG,,MAA,,
HKG,,MCT,,
HKG,,MED,,
HKG,,MLE,,
HKG,,MNL,,
HKG,,MUC,,
HKG,,MXP,,
HKG,,OHS,,
HKG,,QYG,,9B
HKG,,RUH,,
HKG,,SIN,,
HKG,,SLL,,
HKG,,TRV,,
HKG,,ZNZ,,
HKG,,ZRH,,
HYD,,ADD,,
HYD,,AMM,,
HYD,,AMS ,,
HYD,,AUH,,
HYD,,BAH,,
HYD,,BEY,,
HYD,,BKI,,
HYD,,BKK,,
HYD,,CAI,,
HYD,,CDG,,
HYD,,CGK,,
HYD,,CGP,,
HYD,,CMB,,
HYD,,DAC,,
HYD,,DAR,,
HYD,,DMM,,
HYD,,DOH,,
HYD,,DXB,,
HYD,,FRA,,
HYD,,HKG,,
HYD,,IKA,,
HYD,,ISB,,
HYD,,IST,,
HYD,,JED,,
HYD,,KCH,,
HYD,,KHI,,
HYD,,KHS,,
HYD,,KTM,,
HYD,,KUL,,
HYD,,KWI,,
HYD,,LGK,,
HYD,,LHE,,
HYD,,LHR,,
HYD,,MCT,,
HYD,,MED,,
HYD,,MLE,,
HYD,,MNL,,
HYD,,MUC,,
HYD,,MXP,,
HYD,,OHS,,
HYD,,PEN,,
HYD,,QYG,,9B
HYD,,RUH,,
HYD,,SIN,,
HYD,,SLL,,
HYD,,ZNZ,,
HYD,,ZRH,,
IKA,,ADD,,
IKA,,AMM,,
IKA,,AMS ,,
IKA,,AUH,,
IKA,,BAH,,
IKA,,BEY,,
IKA,,BKI,,
IKA,,BKK,,
IKA,,BLR,,
IKA,,BOM,,
IKA,,CAI,,
IKA,,CCJ,,
IKA,,CDG,,
IKA,,CGK,,
IKA,,CGP,,
IKA,,CMB,,
IKA,,COK,,
IKA,,DAC,,
IKA,,DAR,,
IKA,,DEL,,
IKA,,DMM,,
IKA,,DOH,,
IKA,,DXB,,
IKA,,FRA,,
IKA,,GOI,,
IKA,,HKG,,
IKA,,HYD,,
IKA,,ISB,,
IKA,,IST,,
IKA,,JAI,,
IKA,,JED,,
IKA,,KCH,,
IKA,,KHI,,
IKA,,KHS,,
IKA,,KTM,,
IKA,,KUL,,
IKA,,KWI,,
IKA,,LGK,,
IKA,,LHE,,
IKA,,LHR,,
IKA,,LKO,,
IKA,,MAA,,
IKA,,MCT,,
IKA,,MED,,
IKA,,MLE,,
IKA,,MNL,,
IKA,,MUC,,
IKA,,MXP,,
IKA,,OHS,,
IKA,,PEN,,
IKA,,QYG,,9B
IKA,,RUH,,
IKA,,SIN,,
IKA,,SLL,,
IKA,,TRV,,
IKA,,ZNZ,,
IKA,,ZRH,,
ISB,,ADD,,
ISB,,AMM,,
ISB,,AMS ,,
ISB,,AUH,,
ISB,,BAH,,
ISB,,BEY,,
ISB,,BKI,,
ISB,,BKK,,
ISB,,BLR,,
ISB,,BOM,,
ISB,,CAI,,
ISB,,CCJ,,
ISB,,CDG,,
ISB,,CGK,,
ISB,,CGP,,
ISB,,CMB,,
ISB,,COK,,
ISB,,DAC,,
ISB,,DAR,,
ISB,,DEL,,
ISB,,DMM,,
ISB,,DOH,,
ISB,,DXB,,
ISB,,FRA,,
ISB,,GOI,,
ISB,,HKG,,
ISB,,HYD,,
ISB,,IKA,,
ISB,,IST,,
ISB,,JAI,,
ISB,,JED,,
ISB,,KCH,,
ISB,,KHS,,
ISB,,KTM,,
ISB,,KUL,,
ISB,,KWI,,
ISB,,LGK,,
ISB,,LHR,,
ISB,,LKO,,
ISB,,MAA,,
ISB,,MCT,,
ISB,,MED,,
ISB,,MLE,,
ISB,,MNL,,
ISB,,MUC,,
ISB,,MXP,,
ISB,,OHS,,
ISB,,PEN,,
ISB,,QYG,,9B
ISB,,RUH,,
ISB,,SIN,,
ISB,,SLL,,
ISB,,TRV,,
ISB,,ZNZ,,
ISB,,ZRH,,
JAI,,ADD,,
JAI,,AMM,,
JAI,,AMS ,,
JAI,,AUH,,
JAI,,BAH,,
JAI,,BEY,,
JAI,,BKI,,
JAI,,BKK,,
JAI,,CAI,,
JAI,,CDG,,
JAI,,CGK,,
JAI,,CGP,,
JAI,,CMB,,
JAI,,DAC,,
JAI,,DAR,,
JAI,,DMM,,
JAI,,DOH,,
JAI,,DXB,,
JAI,,FRA,,
JAI,,HKG,,
JAI,,IKA,,
JAI,,ISB,,
JAI,,IST,,
JAI,,JED,,
JAI,,KCH,,
JAI,,KHI,,
JAI,,KHS,,
JAI,,KTM,,
JAI,,KUL,,
JAI,,KWI,,
JAI,,LGK,,
JAI,,LHE,,
JAI,,LHR,,
JAI,,MCT,,
JAI,,MED,,
JAI,,MLE,,
JAI,,MNL,,
JAI,,MUC,,
JAI,,MXP,,
JAI,,OHS,,
JAI,,PEN,,
JAI,,QYG,,9B
JAI,,RUH,,
JAI,,SIN,,
JAI,,SLL,,
JAI,,ZNZ,,
JAI,,ZRH,,
JED,,MCT,,
JED,,ADD,,
JED,,AMM,,
JED,,AMS ,,
JED,,AUH,,
JED,,BAH,,
JED,,BEY,,
JED,,BKI,,
JED,,BKK,,
JED,,BLR,,
JED,,BOM,,
JED,,CAI,,
JED,,CCJ,,
JED,,CDG,,
JED,,CGK,,
JED,,CGP,,
JED,,CMB,,
JED,,COK,,
JED,,DAC,,
JED,,DAR,,
JED,,DEL,,
JED,,DOH,,
JED,,DXB,,
JED,,FRA,,
JED,,GOI,,
JED,,HKG,,
JED,,HYD,,
JED,,IKA,,
JED,,ISB,,
JED,,IST,,
JED,,JAI,,
JED,,KCH,,
JED,,KHI,,
JED,,KHS,,
JED,,KTM,,
JED,,KUL,,
JED,,KWI,,
JED,,LGK,,
JED,,LHE,,
JED,,LHR,,
JED,,LKO,,
JED,,MAA,,
JED,,MLE,,
JED,,MNL,,
JED,,MUC,,
JED,,MXP,,
JED,,OHS,,
JED,,PEN,,
JED,,QYG,,9B
JED,,SIN,,
JED,,SLL,,
JED,,TRV,,
JED,,ZNZ,,
JED,,ZRH,,
KCH,,ADD,,
KCH,,AMM,,
KCH,,AMS ,,
KCH,,AUH,,
KCH,,BAH,,
KCH,,BEY,,
KCH,,BKK,,
KCH,,BLR,,
KCH,,BOM,,
KCH,,CAI,,
KCH,,CCJ,,
KCH,,CDG,,
KCH,,CGK,,
KCH,,CGP,,
KCH,,CMB,,
KCH,,COK,,
KCH,,DAC,,
KCH,,DAR,,
KCH,,DEL,,
KCH,,DMM,,
KCH,,DOH,,
KCH,,DXB,,
KCH,,FRA,,
KCH,,GOI,,
KCH,,HYD,,
KCH,,IKA,,
KCH,,ISB,,
KCH,,IST,,
KCH,,JAI,,
KCH,,JED,,
KCH,,KHI,,
KCH,,KHS,,
KCH,,KTM,,
KCH,,KWI,,
KCH,,LHE,,
KCH,,LHR,,
KCH,,LKO,,
KCH,,MAA,,
KCH,,MCT,,
KCH,,MED,,
KCH,,MLE,,
KCH,,MNL,,
KCH,,MUC,,
KCH,,MXP,,
KCH,,OHS,,
KCH,,QYG,,9B
KCH,,RUH,,
KCH,,SLL,,
KCH,,TRV,,
KCH,,ZNZ,,
KCH,,ZRH,,
KHI,,ADD,,
KHI,,AMM,,
KHI,,AMS ,,
KHI,,AUH,,
KHI,,BAH,,
KHI,,BEY,,
KHI,,BKI,,
KHI,,BKK,,
KHI,,BLR,,
KHI,,BOM,,
KHI,,CAI,,
KHI,,CCJ,,
KHI,,CDG,,
KHI,,CGK,,
KHI,,CGP,,
KHI,,CMB,,
KHI,,COK,,
KHI,,DAC,,
KHI,,DAR,,
KHI,,DEL,,
KHI,,DMM,,
KHI,,DOH,,
KHI,,DXB,,
KHI,,FRA,,
KHI,,GOI,,
KHI,,HKG,,
KHI,,HYD,,
KHI,,IKA,,
KHI,,IST,,
KHI,,JAI,,
KHI,,JED,,
KHI,,KCH,,
KHI,,KHS,,
KHI,,KTM,,
KHI,,KUL,,
KHI,,KWI,,
KHI,,LGK,,
KHI,,LHR,,
KHI,,LKO,,
KHI,,MAA,,
KHI,,MCT,,
KHI,,MED,,
KHI,,MLE,,
KHI,,MNL,,
KHI,,MUC,,
KHI,,MXP,,
KHI,,OHS,,
KHI,,PEN,,
KHI,,QYG,,9B
KHI,,RUH,,
KHI,,SIN,,
KHI,,SLL,,
KHI,,TRV,,
KHI,,ZNZ,,
KHI,,ZRH,,
KHS,,ADD,,
KHS,,AMM,,
KHS,,AMS ,,
KHS,,AUH,,
KHS,,BAH,,
KHS,,BEY,,
KHS,,BKI,,
KHS,,BKK,,
KHS,,BLR,,
KHS,,BOM,,
KHS,,CAI,,
KHS,,CCJ,,
KHS,,CDG,,
KHS,,CGK,,
KHS,,CGP,,
KHS,,CMB,,
KHS,,COK,,
KHS,,DAC,,
KHS,,DAR,,
KHS,,DEL,,
KHS,,DMM,,
KHS,,DOH,,
KHS,,DXB,,
KHS,,FRA,,
KHS,,GOI,,
KHS,,HKG,,
KHS,,HYD,,
KHS,,IKA,,
KHS,,ISB,,
KHS,,IST,,
KHS,,JAI,,
KHS,,JED,,
KHS,,KCH,,
KHS,,KHI,,
KHS,,KTM,,
KHS,,KUL,,
KHS,,KWI,,
KHS,,LGK,,
KHS,,LHE,,
KHS,,LHR,,
KHS,,LKO,,
KHS,,MAA,,
KHS,,MCT,,
KHS,,MED,,
KHS,,MLE,,
KHS,,MNL,,
KHS,,MUC,,
KHS,,MXP,,
KHS,,OHS,,
KHS,,PEN,,
KHS,,QYG,,9B
KHS,,RUH,,
KHS,,SIN,,
KHS,,SLL,,
KHS,,TRV,,
KHS,,ZNZ,,
KHS,,ZRH,,
KTM,,ADD,,
KTM,,AMM,,
KTM,,AMS ,,
KTM,,AUH,,
KTM,,BAH,,
KTM,,BEY,,
KTM,,BKI,,
KTM,,BKK,,
KTM,,BLR,,
KTM,,BOM,,
KTM,,CAI,,
KTM,,CCJ,,
KTM,,CDG,,
KTM,,CGK,,
KTM,,CGP,,
KTM,,CMB,,
KTM,,COK,,
KTM,,DAC,,
KTM,,DAR,,
KTM,,DEL,,
KTM,,DMM,,
KTM,,DOH,,
KTM,,DXB,,
KTM,,FRA,,
KTM,,GOI,,
KTM,,HKG,,
KTM,,HYD,,
KTM,,IKA,,
KTM,,ISB,,
KTM,,IST,,
KTM,,JAI,,
KTM,,JED,,
KTM,,KCH,,
KTM,,KHI,,
KTM,,KHS,,
KTM,,KUL,,
KTM,,KWI,,
KTM,,LGK,,
KTM,,LHE,,
KTM,,LHR,,
KTM,,LKO,,
KTM,,MAA,,
KTM,,MCT,,
KTM,,MED,,
KTM,,MLE,,
KTM,,MNL,,
KTM,,MUC,,
KTM,,MXP,,
KTM,,OHS,,
KTM,,PEN,,
KTM,,QYG,,9B
KTM,,RUH,,
KTM,,SIN,,
KTM,,SLL,,
KTM,,TRV,,
KTM,,ZNZ,,
KTM,,ZRH,,
KUL,,ADD,,
KUL,,AMM,,
KUL,,AMS ,,
KUL,,AUH,,
KUL,,BAH,,
KUL,,BEY,,
KUL,,BLR,,
KUL,,BOM,,
KUL,,CAI,,
KUL,,CCJ,,
KUL,,CDG,,
KUL,,CGK,,
KUL,,CGP,,
KUL,,CMB,,
KUL,,COK,,
KUL,,DAC,,
KUL,,DAR,,
KUL,,DEL,,
KUL,,DMM,,
KUL,,DOH,,
KUL,,DXB,,
KUL,,FRA,,
KUL,,GOI,,
KUL,,HYD,,
KUL,,HKG,,
KUL,,IKA,,
KUL,,ISB,,
KUL,,IST,,
KUL,,JAI,,
KUL,,JED,,
KUL,,KHI,,
KUL,,KHS,,
KUL,,KTM,,
KUL,,KWI,,
KUL,,LHE,,
KUL,,LHR,,
KUL,,LKO,,
KUL,,MAA,,
KUL,,MCT,,
KUL,,MED,,
KUL,,MLE,,
KUL,,MNL,,
KUL,,MUC,,
KUL,,MXP,,
KUL,,OHS,,
KUL,,QYG,,9B
KUL,,RUH,,
KUL,,SLL,,
KUL,,TRV,,
KUL,,ZNZ,,
KUL,,ZRH,,
KWI,,ADD,,
KWI,,AMM,,
KWI,,AMS ,,
KWI,,AUH,,
KWI,,BAH,,
KWI,,BEY,,
KWI,,BKI,,
KWI,,BKK,,
KWI,,BLR,,
KWI,,BOM,,
KWI,,CAI,,
KWI,,CCJ,,
KWI,,CDG,,
KWI,,CGK,,
KWI,,CGP,,
KWI,,CMB,,
KWI,,COK,,
KWI,,DAC,,
KWI,,DAR,,
KWI,,DEL,,
KWI,,DMM,,
KWI,,DOH,,
KWI,,DXB,,
KWI,,FRA,,
KWI,,GOI,,
KWI,,HKG,,
KWI,,HYD,,
KWI,,IKA,,
KWI,,ISB,,
KWI,,IST,,
KWI,,JAI,,
KWI,,JED,,
KWI,,KCH,,
KWI,,KHI,,
KWI,,KHS,,
KWI,,KTM,,
KWI,,KUL,,
KWI,,LGK,,
KWI,,LHE,,
KWI,,LHR,,
KWI,,LKO,,
KWI,,MAA,,
KWI,,MCT,,
KWI,,MED,,
KWI,,MLE,,
KWI,,MNL,,
KWI,,MUC,,
KWI,,MXP,,
KWI,,OHS,,
KWI,,PEN,,
KWI,,QYG,,9B
KWI,,RUH,,
KWI,,SIN,,
KWI,,SLL,,
KWI,,TRV,,
KWI,,ZNZ,,
KWI,,ZRH,,
LGK,,ADD,,
LGK,,AMM,,
LGK,,AMS ,,
LGK,,AUH,,
LGK,,BAH,,
LGK,,BEY,,
LGK,,BKK,,
LGK,,BLR,,
LGK,,BOM,,
LGK,,CAI,,
LGK,,CCJ,,
LGK,,CDG,,
LGK,,CGK,,
LGK,,CGP,,
LGK,,CMB,,
LGK,,COK,,
LGK,,DAC,,
LGK,,DAR,,
LGK,,DEL,,
LGK,,DMM,,
LGK,,DOH,,
LGK,,DXB,,
LGK,,FRA,,
LGK,,GOI,,
LGK,,HYD,,
LGK,,IKA,,
LGK,,ISB,,
LGK,,IST,,
LGK,,JAI,,
LGK,,JED,,
LGK,,KHI,,
LGK,,KHS,,
LGK,,KTM,,
LGK,,KWI,,
LGK,,LHE,,
LGK,,LHR,,
LGK,,LKO,,
LGK,,MAA,,
LGK,,MCT,,
LGK,,MED,,
LGK,,MLE,,
LGK,,MNL,,
LGK,,MUC,,
LGK,,MXP,,
LGK,,OHS,,
LGK,,QYG,,9B
LGK,,RUH,,
LGK,,SLL,,
LGK,,TRV,,
LGK,,ZNZ,,
LGK,,ZRH,,
LHE,,ADD,,
LHE,,AMM,,
LHE,,AMS ,,
LHE,,AUH,,
LHE,,BAH,,
LHE,,BEY,,
LHE,,BKI,,
LHE,,BKK,,
LHE,,BLR,,
LHE,,BOM,,
LHE,,CAI,,
LHE,,CCJ,,
LHE,,CDG,,
LHE,,CGK,,
LHE,,CGP,,
LHE,,CMB,,
LHE,,COK,,
LHE,,DAC,,
LHE,,DAR,,
LHE,,DEL,,
LHE,,DMM,,
LHE,,DOH,,
LHE,,DXB,,
LHE,,FRA,,
LHE,,GOI,,
LHE,,HKG,,
LHE,,HYD,,
LHE,,IKA,,
LHE,,IST,,
LHE,,JAI,,
LHE,,JED,,
LHE,,KCH,,
LHE,,KHS,,
LHE,,KTM,,
LHE,,KUL,,
LHE,,KWI,,
LHE,,LGK,,
LHE,,LHR,,
LHE,,LKO,,
LHE,,MAA,,
LHE,,MCT,,
LHE,,MED,,
LHE,,MLE,,
LHE,,MNL,,
LHE,,MUC,,
LHE,,MXP,,
LHE,,OHS,,
LHE,,PEN,,
LHE,,QYG,,9B
LHE,,RUH,,
LHE,,SIN,,
LHE,,SLL,,
LHE,,TRV,,
LHE,,ZNZ,,
LHE,,ZRH,,
LHR,,ADD,,
LHR,,AMM,,
LHR,,AUH,,
LHR,,BAH,,
LHR,,BEY,,
LHR,,BKI,,
LHR,,BKK,,
LHR,,BLR,,
LHR,,BOM,,
LHR,,CAI,,
LHR,,CCJ,,
LHR,,CGK,,
LHR,,CGP,,
LHR,,CMB,,
LHR,,COK,,
LHR,,DAC,,
LHR,,DAR,,
LHR,,DEL,,
LHR,,DMM,,
LHR,,DOH,,
LHR,,DXB,,
LHR,,GOI,,
LHR,,HKG,,
LHR,,HYD,,
LHR,,IKA,,
LHR,,ISB,,
LHR,,IST,,
LHR,,JAI,,
LHR,,JED,,
LHR,,KCH,,
LHR,,KHI,,
LHR,,KHS,,
LHR,,KTM,,
LHR,,KUL,,
LHR,,KWI,,
LHR,,LGK,,
LHR,,LHE,,
LHR,,LKO,,
LHR,,MAA,,
LHR,,MCT,,
LHR,,MED,,
LHR,,MLE,,
LHR,,MNL,,
LHR,,OHS,,
LHR,,PEN,,
LHR,,RUH,,
LHR,,SIN,,
LHR,,SLL,,
LHR,,TRV,,
LHR,,ZNZ,,
LKO,,ADD,,
LKO,,AMM,,
LKO,,AMS,,
LKO,,AUH,,
LKO,,BAH,,
LKO,,BEY,,
LKO,,BKI,,
LKO,,BKK,,
LKO,,CAI,,
LKO,,CDG,,
LKO,,CGK,,
LKO,,CGP,,
LKO,,CMB,,
LKO,,DAC,,
LKO,,DAR,,
LKO,,DMM,,
LKO,,DOH,,
LKO,,DXB,,
LKO,,FRA,,
LKO,,HKG,,
LKO,,IKA,,
LKO,,ISB,,
LKO,,IST,,
LKO,,JED,,
LKO,,KCH,,
LKO,,KHI,,
LKO,,KHS,,
LKO,,KTM,,
LKO,,KUL,,
LKO,,KWI,,
LKO,,LGK,,
LKO,,LHE,,
LKO,,LHR,,
LKO,,MCT,,
LKO,,MED,,
LKO,,MLE,,
LKO,,MNL,,
LKO,,MUC,,
LKO,,MXP,,
LKO,,OHS,,
LKO,,PEN,,
LKO,,QYG,,9B
LKO,,RUH,,
LKO,,SIN,,
LKO,,SLL,,
LKO,,ZNZ,,
LKO,,ZRH,,
MAA,,ADD,,
MAA,,AMM,,
MAA,,AMS,,
MAA,,AUH,,
MAA,,BAH,,
MAA,,BEY,,
MAA,,BKI,,
MAA,,BKK,,
MAA,,CAI,,
MAA,,CDG,,
MAA,,CGK,,
MAA,,CGP,,
MAA,,CMB,,
MAA,,DAC,,
MAA,,DAR,,
MAA,,DMM,,
MAA,,DOH,,
MAA,,DXB,,
MAA,,FRA,,
MAA,,HKG,,
MAA,,IKA,,
MAA,,ISB,,
MAA,,IST,,
MAA,,JED,,
MAA,,KCH,,
MAA,,KHI,,
MAA,,KHS,,
MAA,,KTM,,
MAA,,KUL,,
MAA,,KWI,,
MAA,,LGK,,
MAA,,LHE,,
MAA,,LHR,,
MAA,,MCT,,
MAA,,MED,,
MAA,,MLE,,
MAA,,MNL,,
MAA,,MUC,,
MAA,,MXP,,
MAA,,OHS,,
MAA,,PEN,,
MAA,,QYG,,9B
MAA,,RUH,,
MAA,,SIN,,
MAA,,SLL,,
MAA,,ZNZ,,
MAA,,ZRH,,
MCT,,ADD,,
MCT,,AMM,,
MCT,,AMS,,
MCT,,AUH,,
MCT,,BAH,,
MCT,,BEY,,
MCT,,BKI,,
MCT,,BKK,,
MCT,,BLR,,
MCT,,BOM,,
MCT,,CAI,,
MCT,,CCJ,,
MCT,,CDG,,
MCT,,CGK,,
MCT,,CGP,,
MCT,,CMB,,
MCT,,COK,,
MCT,,DAC,,
MCT,,DAR,,
MCT,,DEL,,
MCT,,DMM,,
MCT,,DOH,,
MCT,,DXB,,
MCT,,FRA,,
MCT,,GOI,,
MCT,,HKG,,
MCT,,HYD,,
MCT,,IKA,,
MCT,,ISB,,
MCT,,IST,,
MCT,,JAI,,
MCT,,JED,,
MCT,,KCH,,
MCT,,KHI,,
MCT,,KHS,,
MCT,,KTM,,
MCT,,KUL,,
MCT,,KWI,,
MCT,,LGK,,
MCT,,LHE,,
MCT,,LHR,,
MCT,,LKO,,
MCT,,MAA,,
MCT,,MED,,
MCT,,MLE,,
MCT,,MNL,,
MCT,,MUC,,
MCT,,MXP,,
MCT,,OHS,,
MCT,,PEN,,
MCT,,QYG,,9B
MCT,,RUH,,
MCT,,SIN,,
MCT,,SLL,,
MCT,,TRV,,
MCT,,ZNZ,,
MCT,,ZRH,,
MED,,ADD,,
MED,,AMM,,
MED,,AMS,,
MED,,AUH,,
MED,,BAH,,
MED,,BEY,,
MED,,BKI,,
MED,,BKK,,
MED,,BLR,,
MED,,BOM,,
MED,,CAI,,
MED,,CCJ,,
MED,,CDG,,
MED,,CGK,,
MED,,CGP,,
MED,,CMB,,
MED,,COK,,
MED,,DAC,,
MED,,DAR,,
MED,,DEL,,
MED,,DOH,,
MED,,DXB,,
MED,,FRA,,
MED,,GOI,,
MED,,HKG,,
MED,,HYD,,
MED,,IKA,,
MED,,ISB,,
MED,,IST,,
MED,,JAI,,
MED,,KCH,,
MED,,KHI,,
MED,,KHS,,
MED,,KTM,,
MED,,KUL,,
MED,,KWI,,
MED,,LGK,,
MED,,LHE,,
MED,,LHR,,
MED,,LKO,,
MED,,MAA,,
MED,,MCT,,
MED,,MLE,,
MED,,MNL,,
MED,,MUC,,
MED,,MXP,,
MED,,OHS,,
MED,,PEN,,
MED,,QYG,,9B
MED,,SIN,,
MED,,SLL,,
MED,,TRV,,
MED,,ZNZ,,
MED,,ZRH,,
MLE,,ADD,,
MLE,,AMM,,
MLE,,AMS,,
MLE,,AUH,,
MLE,,BAH,,
MLE,,BEY,,
MLE,,BKI,,
MLE,,BKK,,
MLE,,BLR,,
MLE,,BOM,,
MLE,,CAI,,
MLE,,CCJ,,
MLE,,CDG,,
MLE,,CGK,,
MLE,,CGP,,
MLE,,COK,,
MLE,,DAC,,
MLE,,DAR,,
MLE,,DEL,,
MLE,,DMM,,
MLE,,DOH,,
MLE,,DXB,,
MLE,,FRA,,
MLE,,GOI,,
MLE,,HKG,,
MLE,,HYD,,
MLE,,IKA,,
MLE,,ISB,,
MLE,,IST,,
MLE,,JAI,,
MLE,,JED,,
MLE,,KCH,,
MLE,,KHI,,
MLE,,KHS,,
MLE,,KTM,,
MLE,,KUL,,
MLE,,KWI,,
MLE,,LGK,,
MLE,,LHE,,
MLE,,LHR,,
MLE,,LKO,,
MLE,,MAA,,
MLE,,MCT,,
MLE,,MED,,
MLE,,MNL,,
MLE,,MUC,,
MLE,,MXP,,
MLE,,OHS,,
MLE,,PEN,,
MLE,,QYG,,9B
MLE,,RUH,,
MLE,,SLL,,
MLE,,TRV,,
MLE,,ZNZ,,
MLE,,ZRH,,
MNL,,ADD,,
MNL,,AMM,,
MNL,,AMS,,
MNL,,AUH,,
MNL,,BAH,,
MNL,,BEY,,
MNL,,BKI,,
MNL,,BKK,,
MNL,,BLR,,
MNL,,BOM,,
MNL,,CAI,,
MNL,,CCJ,,
MNL,,CDG,,
MNL,,CGK,,
MNL,,CGP,,
MNL,,CMB,,
MNL,,COK,,
MNL,,DAC,,
MNL,,DAR,,
MNL,,DEL,,
MNL,,DMM,,
MNL,,DOH,,
MNL,,DXB,,
MNL,,FRA,,
MNL,,GOI,,
MNL,,HKG,,
MNL,,HYD,,
MNL,,IKA,,
MNL,,ISB,,
MNL,,IST,,
MNL,,JAI,,
MNL,,JED,,
MNL,,KCH,,
MNL,,KHI,,
MNL,,KHS,,
MNL,,KTM,,
MNL,,KUL,,
MNL,,KWI,,
MNL,,LGK,,
MNL,,LHE,,
MNL,,LHR,,
MNL,,LKO,,
MNL,,MAA,,
MNL,,MCT,,
MNL,,MED,,
MNL,,MLE,,
MNL,,MUC,,
MNL,,MXP,,
MNL,,OHS,,
MNL,,PEN,,
MNL,,QYG,,9B
MNL,,RUH,,
MNL,,SIN,,
MNL,,SLL,,
MNL,,TRV,,
MNL,,ZNZ,,
MNL,,ZRH,,
MUC,,ADD,,
MUC,,AMM,,
MUC,,AUH,,
MUC,,BAH,,
MUC,,BEY,,
MUC,,BKI,,
MUC,,BKK,,
MUC,,BLR,,
MUC,,BOM,,
MUC,,CAI,,
MUC,,CCJ,,
MUC,,CGK,,
MUC,,CGP,,
MUC,,CMB,,
MUC,,COK,,
MUC,,DAC,,
MUC,,DAR,,
MUC,,DEL,,
MUC,,DMM,,
MUC,,DOH,,
MUC,,DXB,,
MUC,,GOI,,
MUC,,HKG,,
MUC,,HYD,,
MUC,,IKA,,
MUC,,ISB,,
MUC,,IST,,
MUC,,JAI,,
MUC,,JED,,
MUC,,KCH,,
MUC,,KHI,,
MUC,,KHS,,
MUC,,KTM,,
MUC,,KUL,,
MUC,,KWI,,
MUC,,LGK,,
MUC,,LHE,,
MUC,,LKO,,
MUC,,MAA,,
MUC,,MCT,,
MUC,,MED,,
MUC,,MLE,,
MUC,,MNL,,
MUC,,OHS,,
MUC,,PEN,,
MUC,,RUH,,
MUC,,SIN,,
MUC,,SLL,,
MUC,,TRV,,
MUC,,ZNZ,,
MXP,,ADD,,
MXP,,AMM,,
MXP,,AUH,,
MXP,,BAH,,
MXP,,BEY,,
MXP,,BKI,,
MXP,,BKK,,
MXP,,BLR,,
MXP,,BOM,,
MXP,,CAI,,
MXP,,CCJ,,
MXP,,CGK,,
MXP,,CGP,,
MXP,,CMB,,
MXP,,COK,,
MXP,,DAC,,
MXP,,DAR,,
MXP,,DEL,,
MXP,,DMM,,
MXP,,DOH,,
MXP,,DXB,,
MXP,,GOI,,
MXP,,HKG,,
MXP,,HYD,,
MXP,,IKA,,
MXP,,ISB,,
MXP,,IST,,
MXP,,JAI,,
MXP,,JED,,
MXP,,KCH,,
MXP,,KHI,,
MXP,,KHS,,
MXP,,KTM,,
MXP,,KUL,,
MXP,,KWI,,
MXP,,LGK,,
MXP,,LHE,,
MXP,,LKO,,
MXP,,MAA,,
MXP,,MCT,,
MXP,,MED,,
MXP,,MLE,,
MXP,,MNL,,
MXP,,OHS,,
MXP,,PEN,,
MXP,,RUH,,
MXP,,SIN,,
MXP,,SLL,,
MXP,,TRV,,
MXP,,ZNZ,,
OHS,,ADD,,
OHS,,AMM,,
OHS,,AMS,,
OHS,,AUH,,
OHS,,BAH,,
OHS,,BEY,,
OHS,,BKI,,
OHS,,BKK,,
OHS,,BLR,,
OHS,,BOM,,
OHS,,CAI,,
OHS,,CCJ,,
OHS,,CDG,,
OHS,,CGK,,
OHS,,CGP,,
OHS,,CMB,,
OHS,,COK,,
OHS,,DAC,,
OHS,,DAR,,
OHS,,DEL,,
OHS,,DMM,,
OHS,,DOH,,
OHS,,DXB,,
OHS,,FRA,,
OHS,,GOI,,
OHS,,HKG,,
OHS,,HYD,,
OHS,,IKA,,
OHS,,ISB,,
OHS,,IST,,
OHS,,JAI,,
OHS,,JED,,
OHS,,KCH,,
OHS,,KHI,,
OHS,,KHS,,
OHS,,KTM,,
OHS,,KUL,,
OHS,,KWI,,
OHS,,LGK,,
OHS,,LHE,,
OHS,,LHR,,
OHS,,LKO,,
OHS,,MAA,,
OHS,,MCT,,
OHS,,MED,,
OHS,,MLE,,
OHS,,MNL,,
OHS,,MUC,,
OHS,,MXP,,
OHS,,PEN,,
OHS,,QYG,,9B
OHS,,RUH,,
OHS,,SIN,,
OHS,,SLL,,
OHS,,TRV,,
OHS,,ZNZ,,
OHS,,ZRH,,
PEN,,ADD,,
PEN,,AMM,,
PEN,,AMS,,
PEN,,AUH,,
PEN,,BAH,,
PEN,,BEY,,
PEN,,BKK,,
PEN,,BLR,,
PEN,,BOM,,
PEN,,CAI,,
PEN,,CCJ,,
PEN,,CDG,,
PEN,,CGK,,
PEN,,CGP,,
PEN,,CMB,,
PEN,,COK,,
PEN,,DAC,,
PEN,,DAR,,
PEN,,DEL,,
PEN,,DMM,,
PEN,,DOH,,
PEN,,DXB,,
PEN,,FRA,,
PEN,,GOI,,
PEN,,HYD,,
PEN,,IKA,,
PEN,,ISB,,
PEN,,IST,,
PEN,,JAI,,
PEN,,JED,,
PEN,,KHI,,
PEN,,KHS,,
PEN,,KTM,,
PEN,,KWI,,
PEN,,LHE,,
PEN,,LHR,,
PEN,,LKO,,
PEN,,MAA,,
PEN,,MCT,,
PEN,,MED,,
PEN,,MLE,,
PEN,,MNL,,
PEN,,MUC,,
PEN,,MXP,,
PEN,,OHS,,
PEN,,QYG,,
PEN,,RUH,,
PEN,,SLL,,
PEN,,TRV,,
PEN,,ZNZ,,
PEN,,ZRH,,
QYG,,ADD,,9B
QYG,,AMM,,9B
QYG,,AUH,,9B
QYG,,BAH,,9B
QYG,,BEY,,9B
QYG,,BKI,,9B
QYG,,BKK,,9B
QYG,,BLR,,9B
QYG,,BOM,,9B
QYG,,CAI,,9B
QYG,,CCJ,,9B
QYG,,CGK,,9B
QYG,,CGP,,9B
QYG,,CMB,,9B
QYG,,COK,,9B
QYG,,DAC,,9B
QYG,,DAR,,9B
QYG,,DEL,,9B
QYG,,DMM,,9B
QYG,,DOH,,9B
QYG,,DXB,,9B
QYG,,FRA,,9B
QYG,,GOI,,9B
QYG,,HKG,,9B
QYG,,HYD,,9B
QYG,,IKA,,9B
QYG,,ISB,,9B
QYG,,IST,,9B
QYG,,JAI,,9B
QYG,,JED,,9B
QYG,,KCH,,9B
QYG,,KHI,,9B
QYG,,KHS,,9B
QYG,,KTM,,9B
QYG,,KUL,,9B
QYG,,KWI,,9B
QYG,,LGK,,9B
QYG,,LHE,,9B
QYG,,LKO,,9B
QYG,,MAA,,9B
QYG,,MCT,,9B
QYG,,MED,,9B
QYG,,MLE,,9B
QYG,,MNL,,9B
QYG,,OHS,,9B
QYG,,PEN,,9B
QYG,,RUH,,9B
QYG,,SIN,,9B
QYG,,SLL,,9B
QYG,,TRV,,9B
QYG,,ZNZ,,9B
RUH,,ADD,,
RUH,,AMM,,
RUH,,AMS,,
RUH,,AUH,,
RUH,,BAH,,
RUH,,BEY,,
RUH,,BKI,,
RUH,,BKK,,
RUH,,BLR,,
RUH,,BOM,,
RUH,,CAI,,
RUH,,CCJ,,
RUH,,CDG,,
RUH,,CGK,,
RUH,,CGP,,
RUH,,CMB,,
RUH,,COK,,
RUH,,DAC,,
RUH,,DAR,,
RUH,,DEL,,
RUH,,DOH,,
RUH,,DXB,,
RUH,,FRA,,
RUH,,GOI,,
RUH,,HKG,,
RUH,,HYD,,
RUH,,IKA,,
RUH,,ISB,,
RUH,,IST,,
RUH,,JAI,,
RUH,,KCH,,
RUH,,KHI,,
RUH,,KHS,,
RUH,,KTM,,
RUH,,KUL,,
RUH,,KWI,,
RUH,,LGK,,
RUH,,LHE,,
RUH,,LHR,,
RUH,,LKO,,
RUH,,MAA,,
RUH,,MCT,,
RUH,,MLE,,
RUH,,MNL,,
RUH,,MUC,,
RUH,,MXP,,
RUH,,OHS,,
RUH,,PEN,,
RUH,,QYG,,9B
RUH,,SIN,,
RUH,,SLL,,
RUH,,TRV,,
RUH,,ZNZ,,
RUH,,ZRH,,
SIN,,ADD,,
SIN,,AMM,,
SIN,,AMS,,
SIN,,AUH,,
SIN,,BAH,,
SIN,,BEY,,
SIN,,BKK,,
SIN,,BLR,,
SIN,,BOM,,
SIN,,CAI,,
SIN,,CCJ,,
SIN,,CDG,,
SIN,,CGK,,
SIN,,CGP,,
SIN,,COK,,
SIN,,DAC,,
SIN,,DAR,,
SIN,,DEL,,
SIN,,DMM,,
SIN,,DOH,,
SIN,,DXB,,
SIN,,FRA,,
SIN,,GOI,,
SIN,,HYD,,
SIN,,IKA,,
SIN,,ISB,,
SIN,,IST,,
SIN,,JAI,,
SIN,,JED,,
SIN,,KHI,,
SIN,,KHS,,
SIN,,KTM,,
SIN,,KUL,,
SIN,,KWI,,
SIN,,LHE,,
SIN,,LHR,,
SIN,,LKO,,
SIN,,MAA,,
SIN,,MCT,,
SIN,,MED,,
SIN,,MNL,,
SIN,,MUC,,
SIN,,MXP,,
SIN,,OHS,,
SIN,,QYG,,9B
SIN,,RUH,,
SIN,,SLL,,
SIN,,TRV,,
SIN,,ZNZ,,
SIN,,ZRH,,
SLL,,ADD,,
SLL,,AMM,,
SLL,,AMS,,
SLL,,AUH,,
SLL,,BAH,,
SLL,,BEY,,
SLL,,BKI,,
SLL,,BKK,,
SLL,,BLR,,
SLL,,BOM,,
SLL,,CAI,,
SLL,,CCJ,,
SLL,,CDG,,
SLL,,CGK,,
SLL,,CGP,,
SLL,,CMB,,
SLL,,COK,,
SLL,,DAC,,
SLL,,DAR,,
SLL,,DEL,,
SLL,,DMM,,
SLL,,DOH,,
SLL,,DXB,,
SLL,,FRA,,
SLL,,GOI,,
SLL,,HKG,,
SLL,,HYD,,
SLL,,IKA,,
SLL,,ISB,,
SLL,,IST,,
SLL,,JAI,,
SLL,,JED,,
SLL,,KCH,,
SLL,,KHI,,
SLL,,KHS,,
SLL,,KTM,,
SLL,,KUL,,
SLL,,KWI,,
SLL,,LGK,,
SLL,,LHE,,
SLL,,LHR,,
SLL,,LKO,,
SLL,,MAA,,
SLL,,MCT,,
SLL,,MED,,
SLL,,MLE,,
SLL,,MNL,,
SLL,,MUC,,
SLL,,MXP,,
SLL,,OHS,,
SLL,,PEN,,
SLL,,QYG,,9B
SLL,,RUH,,
SLL,,SIN,,
SLL,,TRV,,
SLL,,ZNZ,,
SLL,,ZRH,,
TRV,,ADD,,
TRV,,AMM,,
TRV,,AMS,,
TRV,,AUH,,
TRV,,BAH,,
TRV,,BEY,,
TRV,,BKI,,
TRV,,BKK,,
TRV,,CAI,,
TRV,,CDG,,
TRV,,CGK,,
TRV,,CGP,,
TRV,,CMB,,
TRV,,DAC,,
TRV,,DAR,,
TRV,,DMM,,
TRV,,DOH,,
TRV,,DXB,,
TRV,,FRA,,
TRV,,HKG,,
TRV,,IKA,,
TRV,,ISB,,
TRV,,IST,,
TRV,,JED,,
TRV,,KCH,,
TRV,,KHI,,
TRV,,KHS,,
TRV,,KTM,,
TRV,,KUL,,
TRV,,KWI,,
TRV,,LGK,,
TRV,,LHE,,
TRV,,LHR,,
TRV,,MCT,,
TRV,,MED,,
TRV,,MLE,,
TRV,,MNL,,
TRV,,MUC,,
TRV,,MXP,,
TRV,,OHS,,
TRV,,PEN,,
TRV,,QYG,,9B
TRV,,RUH,,
TRV,,SIN,,
TRV,,SLL,,
TRV,,ZNZ,,
TRV,,ZRH,,
ZNZ,,ADD,,
ZNZ,,AMM,,
ZNZ,,AMS,,
ZNZ,,AUH,,
ZNZ,,BAH,,
ZNZ,,BEY,,
ZNZ,,BKI,,
ZNZ,,BKK,,
ZNZ,,BLR,,
ZNZ,,BOM,,
ZNZ,,CAI,,
ZNZ,,CCJ,,
ZNZ,,CDG,,
ZNZ,,CGK,,
ZNZ,,CGP,,
ZNZ,,CMB,,
ZNZ,,COK,,
ZNZ,,DAC,,
ZNZ,,DEL,,
ZNZ,,DMM,,
ZNZ,,DOH,,
ZNZ,,DXB,,
ZNZ,,FRA,,
ZNZ,,GOI,,
ZNZ,,HKG,,
ZNZ,,HYD,,
ZNZ,,IKA,,
ZNZ,,ISB,,
ZNZ,,IST,,
ZNZ,,JAI,,
ZNZ,,JED,,
ZNZ,,KCH,,
ZNZ,,KHI,,
ZNZ,,KHS,,
ZNZ,,KTM,,
ZNZ,,KUL,,
ZNZ,,KWI,,
ZNZ,,LGK,,
ZNZ,,LHE,,
ZNZ,,LHR,,
ZNZ,,LKO,,
ZNZ,,MAA,,
ZNZ,,MCT,,
ZNZ,,MED,,
ZNZ,,MLE,,
ZNZ,,MNL,,
ZNZ,,MUC,,
ZNZ,,MXP,,
ZNZ,,OHS,,
ZNZ,,PEN,,
ZNZ,,QYG,,9B
ZNZ,,RUH,,
ZNZ,,SIN,,
ZNZ,,SLL,,
ZNZ,,TRV,,
ZNZ,,ZRH,,
ZRH,,ADD,,
ZRH,,AMM,,
ZRH,,AUH,,
ZRH,,BAH,,
ZRH,,BEY,,
ZRH,,BKI,,
ZRH,,BKK,,
ZRH,,BLR,,
ZRH,,BOM,,
ZRH,,CAI,,
ZRH,,CCJ,,
ZRH,,CGK,,
ZRH,,CGP,,
ZRH,,CMB,,
ZRH,,COK,,
ZRH,,DAC,,
ZRH,,DAR,,
ZRH,,DEL,,
ZRH,,DMM,,
ZRH,,DOH,,
ZRH,,DXB,,
ZRH,,GOI,,
ZRH,,HKG,,
ZRH,,HYD,,
ZRH,,IKA,,
ZRH,,ISB,,
ZRH,,IST,,
ZRH,,JAI,,
ZRH,,JED,,
ZRH,,KCH,,
ZRH,,KHI,,
ZRH,,KHS,,
ZRH,,KTM,,
ZRH,,KUL,,
ZRH,,KWI,,
ZRH,,LGK,,
ZRH,,LHE,,
ZRH,,LKO,,
ZRH,,MAA,,
ZRH,,MCT,,
ZRH,,MED,,
ZRH,,MLE,,
ZRH,,MNL,,
ZRH,,OHS,,
ZRH,,PEN,,
ZRH,,RUH,,
ZRH,,SIN,,
ZRH,,SLL,,
ZRH,,TRV,,
ZRH,,ZNZ,,
DPS,,ADD,,
DPS,,AMM,,
DPS,,AMS ,,
DPS,,AUH,,
DPS,,BAH,,
DPS,,BEY,,
DPS,,BKI,,
DPS,,BKK,,
DPS,,BLR,,
DPS,,BOM,,
DPS,,CAI,,
DPS,,CCJ,,
DPS,,CDG,,
DPS,,CGP,,
DPS,,CMB,,
DPS,,COK,,
DPS,,DAC,,
DPS,,DAR,,
DPS,,DEL,,
DPS,,DMM,,
DPS,,DOH,,
DPS,,DXB,,
DPS,,FRA,,
DPS,,GOI,,
DPS,,HKG,,
DPS,,HYD,,
DPS,,IKA,,
DPS,,ISB,,
DPS,,IST,,
DPS,,JAI,,
DPS,,JED,,
DPS,,KCH,,
DPS,,KHI,,
DPS,,KHS,,
DPS,,KTM,,
DPS,,KUL,,
DPS,,KWI,,
DPS,,LGK,,
DPS,,LHE,,
DPS,,LHR,,
DPS,,LKO,,
DPS,,MAA,,
DPS,,MCT,,
DPS,,MED,,
DPS,,MLE,,
DPS,,MNL,,
DPS,,MUC,,
DPS,,MXP,,
DPS,,OHS,,
DPS,,PEN,,
DPS,,QYG,,
DPS,,RUH,,
DPS,,SIN,,
DPS,,SLL,,
DPS,,TRV,,
DPS,,ZNZ,,
DPS,,ZRH,,
AMM,,DPS,,
AMS ,,DPS,,
AUH,,DPS,,
BAH,,DPS,,
BEY,,DPS,,
BKI,,DPS,,
BKK,,DPS,,
BLR,,DPS,,
BOM,,DPS,,
CAI,,DPS,,
CCJ,,DPS,,
CDG,,DPS,,
CGP,,DPS,,
CMB,,DPS,,
COK,,DPS,,
DAC,,DPS,,
DAR,,DPS,,
DEL,,DPS,,
DMM,,DPS,,
DOH,,DPS,,
DXB,,DPS,,
FRA,,DPS,,
GOI,,DPS,,
HKG,,DPS,,
HYD,,DPS,,
IKA,,DPS,,
ISB,,DPS,,
JAI,,DPS,,
JED,,DPS,,
KCH,,DPS,,
KHI,,DPS,,
KHS,,DPS,,
KTM,,DPS,,
KUL,,DPS,,
KWI,,DPS,,
LGK,,DPS,,
LHE,,DPS,,
LHR,,DPS,,
LKO,,DPS,,
MAA,,DPS,,
MCT,,DPS,,
MED,,DPS,,
MLE,,DPS,,
MNL,,DPS,,
MUC,,DPS,,
MXP,,DPS,,
OHS,,DPS,,
PEN,,DPS,,
QYG,,DPS,,
RUH,,DPS,,
SIN,,DPS,,
SLL,,DPS,,
TRV,,DPS,,
ZNZ,,DPS,,
ZRH,,DPS,,
